time_s,f1_hz,f2_hz,f3_hz,intensity_db
0.0259,530.01,1720.14,3191.86,
0.0322,512.25,1692.29,3096.01,33.96
0.0384,484.56,1764.60,2951.01,34.37
0.0447,364.02,1633.99,2423.46,35.33
0.0509,363.89,1301.02,2294.59,36.40
0.0572,353.44,1323.01,2542.69,36.94
0.0634,335.32,1394.44,2995.07,36.87
0.0697,382.87,1244.46,3045.40,36.33
0.0759,391.89,1030.23,2619.67,35.76
0.0822,320.11,1034.30,2457.26,35.16
0.0884,420.20,1587.93,3121.43,34.63
0.0947,348.89,1714.93,3235.58,35.67
0.1009,293.46,1291.46,2850.41,36.67
0.1072,316.95,1361.40,2956.09,36.68
0.1134,401.66,1566.36,3037.75,35.58
0.1197,382.10,1484.98,3021.79,34.15
0.1259,486.01,1660.87,3555.71,32.66
0.1322,608.58,1838.01,3592.31,31.67
0.1384,570.28,1745.28,3339.18,31.66
0.1447,532.97,1784.15,3172.39,32.71
0.1509,425.72,1395.53,2845.61,33.85
0.1572,370.21,1369.09,2624.83,35.55
0.1634,333.32,1379.26,2614.87,37.12
0.1697,273.78,1334.04,2697.15,37.78
0.1759,259.43,1376.05,2778.95,36.88
0.1822,319.68,1391.93,2604.82,35.52
0.1884,357.43,1592.59,3250.82,34.67
0.1947,411.07,1670.63,3038.19,34.13
0.2009,348.67,1361.08,2567.13,33.50
0.2072,450.78,1264.61,2731.32,32.46
0.2134,463.71,1181.58,2650.49,32.17
0.2197,411.99,1298.59,2447.02,32.38
0.2259,335.23,1262.79,2174.79,32.60
0.2322,367.29,1387.29,2614.84,32.26
0.2384,403.61,1432.62,2479.15,31.58
0.2447,387.31,1199.81,2419.24,31.45
0.2509,410.51,1303.28,3126.96,32.03
0.2572,361.46,1227.11,2995.10,33.16
0.2634,248.42,1126.97,2334.99,34.32
0.2697,1018.48,2324.60,3681.56,35.52
0.2759,1201.10,2694.75,4137.49,36.13
0.2822,269.65,1193.47,2469.83,35.89
0.2884,529.35,1857.64,3433.07,35.18
0.2947,389.09,1920.32,3576.76,36.61
0.3009,179.53,1706.26,1761.23,38.44
0.3072,169.46,1126.22,2539.43,39.43
0.3134,246.92,1248.36,2378.69,38.92
0.3197,260.56,1406.97,1987.15,37.03
0.3259,333.63,1417.53,2584.87,35.46
0.3322,224.10,1505.45,2739.24,34.95
0.3384,322.22,1322.19,2509.33,34.26
0.3447,453.26,1401.65,2620.62,32.24
0.3509,499.70,1552.23,2590.77,29.90
0.3572,472.91,1572.88,2481.10,30.82
0.3634,315.92,1655.90,3012.36,32.85
0.3697,301.27,1553.69,2531.43,34.51
0.3759,296.02,1487.99,2700.54,35.29
0.3822,256.91,1491.03,2832.81,36.15
0.3884,299.35,1164.64,2633.51,36.02
0.3947,325.83,1263.33,2415.49,35.20
0.4009,276.23,1424.74,2490.90,34.53
0.4072,589.66,1705.83,3182.21,35.44
0.4134,1558.80,2450.66,4107.51,36.84
0.4197,255.57,1416.47,2523.93,37.21
0.4259,373.12,1418.13,2358.10,36.14
0.4322,400.11,1054.26,2234.37,34.08
0.4384,359.42,1208.04,2238.11,32.22
0.4447,497.30,1339.62,2102.10,32.31
0.4509,420.46,1354.28,1979.62,33.47
0.4572,352.93,1384.60,2302.70,34.59
0.4634,364.02,1448.31,2192.97,34.82
0.4697,365.60,1424.48,2454.35,34.83
0.4759,362.53,1278.28,2412.86,35.01
0.4822,411.73,1340.03,2630.96,35.41
0.4884,425.54,1504.83,3193.53,35.90
0.4947,441.00,1452.35,1642.51,36.27
0.5009,389.48,1339.80,2008.56,36.02
0.5072,403.70,1406.69,2218.80,34.96
0.5134,796.83,1652.17,3088.32,33.64
0.5197,436.75,1293.08,2415.80,33.37
0.5259,363.20,1405.05,2259.39,34.31
0.5322,321.83,1443.72,2153.94,35.42
0.5384,346.39,1402.49,2421.55,36.20
0.5447,329.90,1462.79,2552.96,36.32
0.5509,402.40,1572.18,2387.62,35.47
0.5572,405.64,1497.37,2740.44,34.64
0.5634,417.71,1394.90,2716.67,33.91
0.5697,434.00,1555.62,2768.66,33.77
0.5759,405.95,1504.12,2714.66,34.92
0.5822,402.70,1408.31,2654.00,36.19
0.5884,432.61,1327.06,2428.82,36.27
0.5947,407.86,1194.58,2486.16,35.93
0.6009,332.35,1274.65,2607.56,35.95
0.6072,432.40,1634.68,3081.72,36.19
0.6134,449.54,1505.53,2509.92,36.42
0.6197,426.27,1629.17,2197.63,36.65
0.6259,394.19,1660.18,1737.97,36.67
0.6322,396.61,1567.95,1647.66,36.29
0.6384,429.74,1631.93,3314.90,36.44
0.6447,419.84,1541.33,2731.11,36.83
0.6509,422.28,1399.15,2379.92,37.10
0.6572,429.97,1479.81,3174.49,37.05
0.6634,428.70,1479.05,3257.70,36.80
0.6697,429.97,1340.41,2427.35,36.33
0.6759,430.32,1388.84,2342.35,35.93
0.6822,408.46,1530.06,2312.73,35.74
0.6884,383.81,1375.87,3121.30,35.72
0.6947,398.84,1389.25,2578.04,35.13
0.7009,403.46,1341.57,2314.44,34.12
0.7072,368.83,1297.29,2229.67,33.66
0.7134,396.32,1464.63,2321.24,34.41
0.7197,356.52,1461.93,2700.55,36.44
0.7259,349.94,1561.15,3330.11,37.94
0.7322,323.76,1431.86,3011.38,38.05
0.7384,395.38,1384.70,2626.34,37.67
0.7447,369.61,1439.67,2825.95,37.91
0.7509,336.27,1529.81,2778.88,38.85
0.7572,340.20,1634.54,2663.12,38.71
0.7634,414.05,1435.12,2588.15,38.12
0.7697,388.83,1362.97,2378.14,37.67
0.7759,320.18,1277.62,2564.62,37.69
0.7822,340.55,1407.13,2707.47,36.73
0.7884,394.53,1569.22,3110.45,35.49
0.7947,401.04,1563.46,3017.75,34.43
0.8009,410.67,1500.11,2884.19,33.78
0.8072,446.25,1591.67,3039.90,33.13
0.8134,611.96,1810.85,3153.59,34.13
0.8197,384.97,1722.67,3070.98,35.25
0.8259,305.55,1504.02,1997.97,35.32
0.8322,460.73,1496.10,1771.81,33.76
0.8384,411.79,1339.57,2258.25,32.40
0.8447,433.62,1404.51,2935.24,32.37
0.8509,440.17,1298.53,3041.08,33.61
0.8572,622.93,1645.01,3081.41,35.44
0.8634,631.41,1908.83,3136.75,36.49
0.8697,309.96,1394.42,2973.86,35.61
0.8759,443.96,1383.40,2866.88,33.62
0.8822,410.46,1376.49,2755.88,32.35
0.8884,392.39,1476.89,2774.60,33.31
0.8947,371.64,1866.98,2485.17,34.50
0.9009,429.30,1977.45,2791.95,34.56
0.9072,432.60,1841.30,2175.24,34.02
0.9134,441.45,2014.94,2349.08,33.89
0.9197,419.25,1811.03,2990.36,35.30
0.9259,600.03,1844.53,2798.01,36.27
0.9322,859.47,2096.61,3521.84,35.52
0.9384,460.32,1277.95,1994.75,33.88
0.9447,533.68,1624.38,2593.43,32.99
0.9509,293.21,1471.43,2506.84,34.96
0.9572,293.28,1438.01,2500.66,35.52
0.9634,495.98,1729.79,2798.79,34.59
0.9697,475.49,1414.91,2403.58,33.26
0.9759,417.53,1475.63,2534.96,33.23
0.9822,384.96,1481.67,2359.14,33.85
0.9884,405.14,1487.02,2036.35,35.03
0.9947,389.95,1561.05,2751.82,36.00
1.0009,416.52,1492.48,2948.73,36.10
1.0072,504.09,1639.88,3013.26,35.14
1.0134,672.48,1650.48,3060.66,34.73
1.0197,608.39,1542.23,3125.28,34.84
1.0259,749.80,1645.14,3086.60,35.09
1.0322,589.66,1655.70,2997.96,34.95
1.0384,443.62,1326.65,2543.13,34.23
1.0447,565.23,1690.51,3078.32,34.05
1.0509,422.10,1585.72,2742.97,34.41
1.0572,383.56,1472.22,2853.34,35.08
1.0634,472.13,1612.92,2962.62,35.70
1.0697,737.94,1753.36,2887.21,36.56
1.0759,559.06,1800.04,2876.59,37.42
1.0822,314.68,1439.13,2810.26,38.10
1.0884,372.48,1561.85,2763.71,38.30
1.0947,436.94,1706.93,2911.92,37.04
1.1009,472.14,1699.21,2930.47,34.48
1.1072,507.00,1586.26,2929.93,33.55
1.1134,345.61,1504.27,2867.43,35.08
1.1197,346.67,1499.64,2944.35,37.21
1.1259,392.34,1648.59,2934.32,38.13
1.1322,335.42,1626.25,2938.30,38.32
1.1384,355.65,1545.70,2859.17,37.87
1.1447,427.54,1418.60,2753.99,37.13
1.1509,435.77,1338.90,2999.07,37.45
1.1572,437.62,1330.74,3051.96,38.37
1.1634,416.79,1273.52,2928.32,38.77
1.1697,443.55,1556.51,3112.53,38.18
1.1759,464.80,1861.27,3074.69,36.85
1.1822,464.03,1744.84,2936.96,35.93
1.1884,462.15,1629.23,2818.69,35.91
1.1947,544.47,1681.27,2798.64,36.40
1.2009,466.97,1602.04,2986.86,36.75
1.2072,401.11,1461.50,3192.94,36.24
1.2134,470.06,1212.86,3140.95,34.66
1.2197,480.14,1291.29,3077.83,34.66
1.2259,419.84,1460.06,3080.77,37.33
1.2322,272.11,1783.68,2074.41,42.18
1.2384,290.36,1699.06,2204.93,45.61
1.2447,273.02,1668.96,2237.57,46.60
1.2509,279.36,1608.85,2271.43,45.14
1.2572,230.28,1751.70,2960.43,41.94
1.2634,310.36,1692.81,2438.12,38.38
1.2697,370.47,1658.14,2399.62,36.09
1.2759,374.47,1645.89,2514.50,37.20
1.2822,383.91,1613.83,2468.24,42.61
1.2884,278.91,1611.62,2316.98,51.35
1.2947,257.55,1394.71,2118.63,57.25
1.3009,285.65,1683.68,2146.96,61.13
1.3072,284.68,1631.01,2202.77,63.45
1.3134,283.62,1888.24,2115.95,64.57
1.3197,279.65,1799.98,2124.80,64.68
1.3259,278.41,900.54,2151.34,63.59
1.3322,299.84,532.00,2127.06,61.59
1.3384,306.36,2093.32,3273.32,59.50
1.3447,307.16,1976.58,3264.89,58.03
1.3509,308.09,2038.58,3405.47,57.35
1.3572,300.98,2136.75,2595.95,57.20
1.3634,299.76,1853.95,3315.56,57.33
1.3697,283.11,1572.10,3156.19,57.48
1.3759,275.79,1621.33,3169.46,57.46
1.3822,276.58,1826.45,3269.35,57.39
1.3884,278.80,2056.06,3344.88,57.20
1.3947,274.98,1903.81,3250.38,56.96
1.4009,283.81,1657.33,3096.45,56.70
1.4072,263.30,1500.70,3090.98,56.36
1.4134,255.88,1466.87,3068.17,55.67
1.4197,246.44,1620.32,3025.08,54.88
1.4259,253.71,1708.95,3048.73,55.14
1.4322,248.04,1715.94,2274.90,57.78
1.4384,246.30,1691.38,2179.63,61.59
1.4447,284.70,1707.33,2200.39,64.44
1.4509,328.73,1901.18,2545.08,66.50
1.4572,315.78,2223.27,2615.68,68.03
1.4634,309.45,2302.80,2615.28,68.88
1.4697,307.15,2368.91,2592.11,69.06
1.4759,310.91,2406.00,2640.22,68.90
1.4822,311.49,2455.83,2609.12,68.61
1.4884,310.21,2501.00,2592.07,68.32
1.4947,312.77,2452.95,2599.22,68.10
1.5009,312.91,2575.62,2589.07,67.99
1.5072,308.15,2574.49,2724.70,67.99
1.5134,305.65,2561.58,2879.20,68.05
1.5197,306.50,2550.09,2903.46,68.09
1.5259,301.03,2580.15,2855.85,68.06
1.5322,296.25,2601.46,2803.43,68.00
1.5384,294.66,2613.21,2763.29,67.92
1.5447,288.67,2627.38,2825.31,67.78
1.5509,283.85,2628.56,2932.45,67.52
1.5572,285.24,2600.19,3049.29,67.19
1.5634,282.40,2567.38,3055.88,66.82
1.5697,277.16,2563.88,3079.90,66.43
1.5759,279.40,2620.04,2824.67,66.01
1.5822,277.57,2615.45,2825.70,65.65
1.5884,275.16,2615.29,2872.02,65.37
1.5947,278.83,2558.57,2645.06,65.22
1.6009,276.92,2641.03,2709.57,65.20
1.6072,275.87,2624.75,2790.17,65.23
1.6134,280.16,2603.09,2840.89,65.14
1.6197,270.12,2608.48,2821.18,64.86
1.6259,270.09,2582.58,2621.84,64.22
1.6322,274.47,2621.31,2984.27,63.05
1.6384,275.17,2597.53,3062.49,61.05
1.6447,242.69,2563.93,3035.66,58.39
1.6509,210.67,2048.82,3078.04,55.68
1.6572,223.80,1617.50,2898.11,53.08
1.6634,231.45,1615.79,2869.37,50.01
1.6697,249.88,1639.40,2778.09,45.90
1.6759,287.53,1723.65,2937.26,42.33
1.6822,280.83,1652.31,3056.12,40.40
1.6884,276.45,1509.50,3078.27,40.51
1.6947,208.82,1427.58,3086.10,40.83
1.7009,252.21,1388.84,3077.61,40.76
1.7072,214.00,1413.91,2963.33,40.07
1.7134,214.42,1390.44,2907.74,38.95
1.7197,282.50,1292.59,2898.88,37.95
1.7259,310.33,1855.50,3195.53,37.11
1.7322,281.82,1631.59,2985.84,36.19
1.7384,339.81,1533.44,2612.36,35.31
1.7447,330.88,1435.82,2683.62,34.73
1.7509,326.17,1350.87,2699.81,34.70
1.7572,318.34,1348.65,2719.00,34.36
1.7634,381.88,1426.18,2744.43,33.29
1.7697,472.77,1604.68,3000.58,32.21
1.7759,485.89,1586.72,3148.32,33.01
1.7822,505.21,1850.12,3291.54,40.59
1.7884,900.96,1937.73,3423.33,48.19
1.7947,749.54,1976.97,2741.99,53.59
1.8009,1901.57,2430.01,4053.55,56.12
1.8072,1904.44,2477.89,4064.91,56.34
1.8134,2116.41,2416.78,3751.35,55.09
1.8197,2179.83,2446.90,3600.93,52.84
1.8259,1907.31,2536.08,3652.92,49.57
1.8322,1653.67,2521.91,3751.84,45.17
1.8384,1678.56,2430.03,3861.00,40.83
1.8447,1320.69,2576.09,3690.50,37.37
1.8509,238.09,1753.19,2790.89,34.67
1.8572,308.67,1775.00,3154.41,32.89
1.8634,594.73,2346.79,3537.58,32.88
1.8697,731.07,2419.03,3638.16,34.01
1.8759,1483.33,2767.26,3578.42,34.72
1.8822,1346.29,2972.10,3567.22,34.55
1.8884,1209.59,2883.42,3550.86,33.71
1.8947,191.41,1519.42,2879.91,32.98
1.9009,452.24,1706.84,3087.46,32.95
1.9072,415.42,1589.00,3147.40,33.37
1.9134,381.58,1489.25,3112.20,33.78
1.9197,414.41,1453.77,3040.47,33.69
1.9259,412.88,1388.46,3020.99,34.49
1.9322,338.40,1498.37,3067.51,35.74
1.9384,311.55,1454.20,3077.90,36.59
1.9447,490.49,2134.87,3076.74,36.41
1.9509,426.17,1251.62,3072.79,35.67
1.9572,320.82,1211.59,2902.53,34.84
1.9634,395.42,1208.91,2701.67,34.45
1.9697,378.21,1432.65,2714.07,34.88
1.9759,353.64,1384.16,2864.51,36.22
1.9822,362.50,1358.30,2685.62,36.45
1.9884,386.32,1329.67,3035.22,35.78
1.9947,414.08,1460.30,3150.28,34.50
2.0009,448.96,1516.75,3121.35,33.14
2.0072,402.97,1452.52,3085.30,32.58
2.0134,311.14,1406.94,3058.68,33.64
2.0197,321.35,1414.62,3104.78,34.48
2.0259,339.29,1451.85,3123.71,34.20
2.0322,398.52,1393.64,3115.82,32.98
2.0384,456.36,1669.55,3123.88,33.95
2.0447,317.69,1692.95,3117.99,35.84
2.0509,286.41,1484.77,3133.26,36.96
2.0572,427.45,1683.98,3150.81,36.53
2.0634,377.50,1667.41,3188.79,35.33
2.0697,269.37,1686.65,3040.80,35.38
2.0759,1654.30,2659.80,3371.33,35.74
2.0822,364.36,1682.14,2837.66,35.83
2.0884,378.85,1678.80,2997.71,35.38
2.0947,369.33,1491.06,3074.23,34.94
2.1009,406.91,1581.05,3034.71,35.10
2.1072,371.44,1476.20,3136.98,36.06
2.1134,1290.47,3109.21,3556.34,37.15
2.1197,152.52,1364.47,3129.33,36.78
2.1259,336.15,1390.37,3132.18,34.81
2.1322,376.41,1413.89,3190.45,33.75
2.1384,298.80,1456.39,3162.78,33.90
2.1447,330.90,1531.71,3196.59,34.49
2.1509,363.53,1411.82,2649.43,33.78
2.1572,384.77,1330.15,2649.86,32.84
2.1634,267.52,1175.38,2655.52,32.80
2.1697,292.32,1249.24,2633.62,33.60
2.1759,359.84,1395.04,2618.22,34.20
2.1822,367.67,1447.71,2587.80,34.49
2.1884,365.55,1401.42,2650.43,33.91
2.1947,369.38,1456.06,2823.86,32.75
2.2009,354.65,1446.53,3061.74,31.81
2.2072,318.78,1455.40,3004.02,32.63
2.2134,334.86,1357.25,2830.63,32.77
2.2197,462.32,1279.30,2798.66,31.90
2.2259,497.39,1320.43,2716.78,31.12
2.2322,378.20,1226.62,2555.19,31.92
2.2384,314.43,1509.29,2432.06,32.62
2.2447,265.07,1469.25,2204.62,32.73
2.2509,710.32,2116.83,3146.74,32.73
2.2572,861.83,2351.01,3117.67,32.80
2.2634,918.44,2510.28,3123.08,32.40
2.2697,335.00,1263.93,2691.28,32.96
2.2759,390.65,1587.58,2415.77,34.46
2.2822,334.53,1653.42,2708.59,36.05
2.2884,524.92,1641.50,3144.48,36.77
2.2947,1091.50,1116.51,3113.48,37.10
2.3009,1109.33,3043.97,3124.79,37.24
2.3072,279.15,1227.64,2921.84,36.62
2.3134,1051.04,1451.36,3168.48,35.55
2.3197,800.72,1718.46,3108.94,35.49
2.3259,224.36,1261.33,3158.58,37.21
2.3322,232.49,1308.86,3119.48,38.53
2.3384,267.25,1323.20,3125.57,39.08
2.3447,318.45,1570.40,3133.19,39.29
2.3509,261.34,1645.14,3086.26,40.26
2.3572,274.36,1452.71,3019.01,41.09
2.3634,242.92,1296.86,2972.85,41.19
2.3697,283.30,1270.47,2783.32,40.72
2.3759,253.21,1101.57,2624.88,40.41
2.3822,253.88,1158.43,2627.63,40.14
2.3884,293.56,1333.32,2665.94,39.77
2.3947,211.06,1423.29,3151.78,39.80
2.4009,207.16,1455.16,2958.15,40.24
2.4072,231.06,1248.12,3096.66,39.74
2.4134,233.53,1374.82,3089.41,38.12
2.4197,302.56,1467.42,3146.62,37.23
2.4259,279.82,1517.67,2600.25,37.77
2.4322,261.68,1878.80,3341.49,39.48
2.4384,240.26,2093.18,3338.89,40.50
2.4447,199.84,1362.03,2980.17,41.56
2.4509,183.07,1352.09,2560.47,42.09
2.4572,118.62,996.40,2075.46,41.48
2.4634,321.44,1533.88,1825.84,39.31
2.4697,391.65,1723.89,3294.86,38.12
2.4759,300.30,1319.40,2022.83,37.75
2.4822,340.10,1955.47,2019.50,37.30
2.4884,420.67,1895.77,2422.07,35.90
2.4947,552.96,1904.86,2263.33,34.51
2.5009,496.32,1624.87,1935.30,34.21
2.5072,339.04,1757.39,2339.45,34.77
2.5134,354.93,1738.70,2248.96,35.45
2.5197,420.53,1730.69,1998.08,35.11
2.5259,538.18,1835.76,2094.94,34.53
2.5322,663.43,1938.14,2627.10,34.76
2.5384,679.03,1383.75,2086.90,35.81
2.5447,518.27,1186.68,2160.18,37.15
2.5509,382.27,1431.45,2502.06,38.07
2.5572,702.26,1917.75,2755.58,37.59
2.5634,519.32,1098.78,1876.85,36.43
2.5697,298.95,1208.56,2046.39,35.63
2.5759,1169.56,2044.67,3504.13,36.15
2.5822,166.78,1361.97,2070.46,35.44
2.5884,398.68,1316.29,2077.07,34.23
2.5947,1053.11,2055.15,3511.83,33.64
2.6009,1084.04,1991.47,3272.61,34.07
2.6072,938.43,1879.64,2791.95,34.09
2.6134,675.12,2067.97,2788.42,33.34
2.6197,543.25,2031.63,2725.99,32.25
2.6259,544.91,1733.06,2505.86,31.67
2.6322,456.47,1691.67,2516.12,32.50
2.6384,398.57,1636.16,2682.83,34.43
2.6447,344.25,1564.07,2493.45,35.53
2.6509,379.96,1645.20,2609.18,35.02
2.6572,860.98,1843.48,2854.53,33.28
2.6634,678.29,1892.68,2930.09,32.21
2.6697,403.46,1926.18,2959.80,33.28
2.6759,1290.26,2296.02,3382.72,33.83
2.6822,1048.19,2136.47,2594.39,33.17
2.6884,300.56,1424.13,2538.44,31.71
2.6947,416.15,1559.53,2434.77,30.66
2.7009,432.94,1450.95,2216.58,30.66
2.7072,951.42,1895.65,2830.64,31.57
2.7134,741.51,1985.18,2755.44,33.14
2.7197,117.89,1482.70,2611.65,35.04
2.7259,135.56,1554.97,2732.57,36.44
2.7322,231.66,1414.55,2173.22,36.60
2.7384,360.05,1416.86,2314.80,35.57
2.7447,380.02,1352.57,2283.63,33.86
2.7509,477.65,1313.35,2257.08,32.52
2.7572,381.28,1490.34,2594.81,33.43
2.7634,151.40,1500.62,2886.50,35.39
2.7697,233.43,1356.72,2650.07,37.16
2.7759,239.19,1249.20,2715.52,37.73
2.7822,163.88,1382.09,3074.57,37.21
2.7884,416.50,1588.30,3062.36,35.60
2.7947,378.22,1389.31,2628.78,33.64
2.8009,402.75,1360.82,2632.41,32.66
2.8072,333.90,1323.65,2917.43,34.85
2.8134,753.32,1382.03,3017.73,37.35
2.8197,228.66,1562.30,2977.57,38.44
2.8259,297.80,1652.24,3108.73,37.79
2.8322,486.44,1710.94,2981.53,36.24
2.8384,502.58,1651.05,3053.65,36.58
2.8447,515.00,1594.39,2987.04,36.83
2.8509,208.74,1437.18,2723.19,36.01
2.8572,1222.09,1690.67,3490.43,34.02
2.8634,730.37,1661.87,3350.59,31.96
2.8697,581.25,1661.24,3530.23,31.03
2.8759,443.75,1613.16,3567.62,31.63
2.8822,440.91,1643.01,3171.53,33.15
2.8884,377.47,1640.40,3197.51,34.47
2.8947,487.05,1414.02,3226.50,34.24
2.9009,458.74,1242.28,3027.11,32.23
2.9072,497.82,1266.39,2869.41,30.13
2.9134,485.50,1299.25,2840.89,29.23
2.9197,271.57,852.99,2434.08,30.01
2.9259,414.48,1540.30,2695.85,30.83
2.9322,773.76,1819.57,3090.33,31.27
2.9384,839.39,1838.05,3162.02,31.36
2.9447,620.80,1737.08,3148.63,31.54
2.9509,435.83,1631.78,2981.85,33.06
2.9572,310.17,1250.29,2718.35,34.14
2.9634,317.88,1270.17,2711.00,34.45
2.9697,336.69,1405.65,2488.48,34.48
2.9759,310.87,1508.18,2592.84,35.19
2.9822,306.43,1376.67,2779.44,35.46
2.9884,290.55,1190.49,2570.20,34.87
2.9947,930.41,1253.21,3272.02,34.66
3.0009,415.49,1561.34,3325.17,35.70
3.0072,304.50,1282.48,2416.78,37.25
3.0134,257.01,1203.00,2431.47,37.64
3.0197,190.92,1088.43,2324.56,36.50
3.0259,696.63,1866.79,3095.27,34.26
3.0322,468.61,1707.70,3127.04,32.01
3.0384,443.58,1430.56,3061.34,31.81
3.0447,478.03,1017.64,2569.99,32.79
3.0509,298.00,1033.85,2528.32,33.79
3.0572,349.95,1104.70,2570.99,34.07
3.0634,394.81,1289.93,2457.32,33.66
3.0697,389.80,1344.51,2513.28,33.01
3.0759,359.95,1288.71,2562.30,32.47
3.0822,402.49,1415.36,2580.84,32.62
3.0884,352.33,1446.74,2828.88,33.78
3.0947,307.12,1273.40,2821.03,34.78
3.1009,377.06,1319.01,3164.56,34.48
3.1072,572.01,1606.05,3132.30,33.42
3.1134,689.30,1778.85,3064.64,32.22
3.1197,345.03,1280.89,2833.61,31.40
3.1259,411.95,1340.78,3110.72,31.24
3.1322,963.95,1417.52,3143.79,31.91
3.1384,837.13,1526.35,3176.29,32.50
3.1447,367.65,1437.25,2112.78,32.09
3.1509,569.95,1060.26,1407.62,30.76
3.1572,585.34,1468.39,3075.83,30.68
3.1634,717.72,1614.73,2964.75,31.25
3.1697,813.31,1846.23,3437.40,32.11
3.1759,240.44,1136.52,2120.40,33.21
3.1822,910.25,2025.95,3303.32,34.85
3.1884,1748.35,2543.23,3565.96,35.80
3.1947,289.09,1557.14,2402.05,35.82
3.2009,324.85,1742.44,2240.74,35.05
3.2072,249.80,1670.92,2176.14,34.02
3.2134,262.39,1470.94,2254.37,32.77
3.2197,256.68,1489.64,1806.08,32.00
3.2259,443.03,1736.28,2112.97,31.91
3.2322,556.02,1657.87,3176.28,32.31
3.2384,455.60,1688.50,3192.89,32.58
3.2447,424.49,1700.75,3189.45,33.14
3.2509,316.97,1704.92,3261.27,33.37
3.2572,861.08,2069.04,3250.65,32.87
3.2634,339.68,1479.22,2446.38,31.83
3.2697,362.72,1499.62,2826.91,31.63
3.2759,402.27,1510.36,2911.42,32.07
3.2822,447.05,1614.59,2949.73,32.97
3.2884,345.88,1528.52,2941.96,33.92
3.2947,336.33,1643.48,3018.82,33.52
3.3009,287.79,1352.16,2648.45,32.40
3.3072,403.83,1341.55,2487.76,32.15
3.3134,385.58,1300.35,2410.02,32.95
3.3197,409.26,1145.23,2231.29,33.21
3.3259,420.66,1292.63,2180.22,31.98
3.3322,446.56,1448.81,2134.71,32.26
3.3384,1219.12,2064.22,3688.26,34.17
3.3447,276.16,1327.25,2614.19,36.62
3.3509,285.60,1416.38,2669.83,37.72
3.3572,285.19,1291.52,2775.29,38.50
3.3634,226.81,1345.80,2546.26,38.74
3.3697,222.53,1343.02,2456.17,37.92
3.3759,372.93,1137.72,2351.12,35.52
3.3822,484.55,1250.75,2271.30,32.83
3.3884,337.19,1208.06,2301.33,32.92
3.3947,292.38,1201.52,2517.28,34.55
3.4009,266.79,1220.65,2569.88,35.91
3.4072,277.51,1263.25,2733.97,36.03
3.4134,273.23,1300.95,2562.09,35.04
3.4197,271.73,1259.70,2456.39,33.75
3.4259,325.63,1287.10,2317.76,32.63
3.4322,323.32,1348.37,2450.95,31.95
3.4384,356.84,1422.73,2755.37,32.02
3.4447,330.43,1429.93,2555.33,32.42
3.4509,357.45,1335.51,2016.68,32.70
3.4572,476.64,1424.77,2135.99,32.85
3.4634,320.03,1335.99,1987.21,33.45
3.4697,437.57,1267.41,1873.25,34.02
3.4759,429.58,1559.35,1835.01,34.05
3.4822,401.87,1398.90,2150.03,33.61
3.4884,427.02,1394.91,2305.27,33.12
3.4947,386.90,1365.84,2296.73,33.38
3.5009,459.12,1458.34,2541.54,34.48
3.5072,353.31,1726.56,2506.80,35.53
3.5134,343.57,1653.77,1753.58,35.58
3.5197,425.63,1496.34,1977.72,33.79
3.5259,511.76,1575.99,2262.75,31.48
3.5322,467.02,1512.38,2907.39,31.45
3.5384,395.41,1509.92,3073.28,33.26
3.5447,351.01,1476.12,3078.67,35.82
3.5509,630.69,1695.46,3319.79,39.58
3.5572,778.13,1882.39,4361.16,43.24
3.5634,262.87,1226.34,2152.91,45.31
3.5697,246.20,1243.65,2953.89,45.09
3.5759,251.34,1456.97,3229.42,42.68
3.5822,318.93,1641.98,3037.69,38.90
3.5884,405.00,1676.64,3093.17,35.03
3.5947,455.64,1659.12,3067.91,31.61
3.6009,555.65,1418.70,1994.89,29.06
3.6072,446.78,1242.90,2739.68,27.94
3.6134,418.41,1279.71,2558.11,28.19
3.6197,467.84,1396.71,2348.53,29.07
3.6259,542.41,1239.58,2412.09,31.05
3.6322,243.27,929.30,2317.24,34.24
3.6384,271.10,1492.15,2227.98,
