time_s,f0_hz
0.0242,
0.0342,
0.0442,
0.0542,
0.0642,
0.0742,
0.0842,
0.0942,
0.1042,
0.1142,
0.1242,
0.1342,
0.1442,
0.1542,
0.1642,
0.1742,
0.1842,
0.1942,
0.2042,
0.2142,
0.2242,
0.2342,
0.2442,
0.2542,
0.2642,
0.2742,
0.2842,
0.2942,
0.3042,
0.3142,
0.3242,
0.3342,
0.3442,
0.3542,
0.3642,
0.3742,
0.3842,
0.3942,
0.4042,
0.4142,
0.4242,
0.4342,
0.4442,
0.4542,
0.4642,
0.4742,
0.4842,
0.4942,
0.5042,
0.5142,
0.5242,
0.5342,
0.5442,
0.5542,
0.5642,
0.5742,
0.5842,
0.5942,
0.6042,
0.6142,
0.6242,
0.6342,
0.6442,
0.6542,
0.6642,
0.6742,
0.6842,
0.6942,
0.7042,
0.7142,
0.7242,
0.7342,
0.7442,
0.7542,
0.7642,
0.7742,
0.7842,
0.7942,
0.8042,
0.8142,
0.8242,
0.8342,
0.8442,
0.8542,
0.8642,
0.8742,
0.8842,
0.8942,
0.9042,
0.9142,
0.9242,
0.9342,
0.9442,
0.9542,
0.9642,
0.9742,
0.9842,
0.9942,
1.0042,
1.0142,
1.0242,
1.0342,
1.0442,
1.0542,
1.0642,
1.0742,
1.0842,
1.0942,
1.1042,
1.1142,
1.1242,
1.1342,
1.1442,
1.1542,
1.1642,
1.1742,
1.1842,
1.1942,
1.2042,
1.2142,
1.2242,
1.2342,
1.2442,
1.2542,
1.2642,
1.2742,
1.2842,
1.2942,
1.3042,
1.3142,
1.3242,
1.3342,
1.3442,
1.3542,
1.3642,
1.3742,
1.3842,
1.3942,
1.4042,
1.4142,
1.4242,
1.4342,
1.4442,
1.4542,
1.4642,
1.4742,110.627
1.4842,111.194
1.4942,110.829
1.5042,109.241
1.5142,107.771
1.5242,107.578
1.5342,105.892
1.5442,100.220
1.5542,96.207
1.5642,96.355
1.5742,
1.5842,116.131
1.5942,113.710
1.6042,112.450
1.6142,111.484
1.6242,111.361
1.6342,111.640
1.6442,112.177
1.6542,112.552
1.6642,113.111
1.6742,114.571
1.6842,115.743
1.6942,115.435
1.7042,112.318
1.7142,107.045
1.7242,112.586
1.7342,111.681
1.7442,110.483
1.7542,106.895
1.7642,102.630
1.7742,
1.7842,
1.7942,
1.8042,108.507
1.8142,110.799
1.8242,111.478
1.8342,112.893
1.8442,113.770
1.8542,115.313
1.8642,116.249
1.8742,116.539
1.8842,116.733
1.8942,117.288
1.9042,117.427
1.9142,116.871
1.9242,116.628
1.9342,116.211
1.9442,115.714
1.9542,115.138
1.9642,115.547
1.9742,115.499
1.9842,114.489
1.9942,116.161
2.0042,116.675
2.0142,115.977
2.0242,115.542
2.0342,115.412
2.0442,114.988
2.0542,114.538
2.0642,113.911
2.0742,113.811
2.0842,113.636
2.0942,113.477
2.1042,115.951
2.1142,113.464
2.1242,111.272
2.1342,111.281
2.1442,110.970
2.1542,110.843
2.1642,110.624
2.1742,110.155
2.1842,109.893
2.1942,109.247
2.2042,107.999
2.2142,
2.2242,
2.2342,
2.2442,
2.2542,
2.2642,
2.2742,
2.2842,
2.2942,
2.3042,
2.3142,
2.3242,
2.3342,
2.3442,
2.3542,
2.3642,
2.3742,
2.3842,
2.3942,
2.4042,
2.4142,
2.4242,
2.4342,119.616
2.4442,119.665
2.4542,117.943
2.4642,116.668
2.4742,115.809
2.4842,114.821
2.4942,113.563
2.5042,113.357
2.5142,113.775
2.5242,113.094
2.5342,112.299
2.5442,110.532
2.5542,108.526
2.5642,105.720
2.5742,
2.5842,302.026
2.5942,298.503
2.6042,
2.6142,
2.6242,
2.6342,
2.6442,
2.6542,
2.6642,
2.6742,
2.6842,
2.6942,
2.7042,
2.7142,
2.7242,111.893
2.7342,107.976
2.7442,108.240
2.7542,111.208
2.7642,112.191
2.7742,111.825
2.7842,108.978
2.7942,103.424
2.8042,97.657
2.8142,97.021
2.8242,98.555
2.8342,105.189
2.8442,109.428
2.8542,104.751
2.8642,
2.8742,
2.8842,
2.8942,
2.9042,
2.9142,
2.9242,
2.9342,
2.9442,
2.9542,114.342
2.9642,113.403
2.9742,110.356
2.9842,107.771
2.9942,105.541
3.0042,103.218
3.0142,100.537
3.0242,98.766
3.0342,99.536
3.0442,100.544
3.0542,101.294
3.0642,101.095
3.0742,101.563
3.0842,101.885
3.0942,102.516
3.1042,103.519
3.1142,105.061
3.1242,105.825
3.1342,106.023
3.1442,105.439
3.1542,104.116
3.1642,106.343
3.1742,109.738
3.1842,109.829
3.1942,109.569
3.2042,109.260
3.2142,109.374
3.2242,110.042
3.2342,111.545
3.2442,114.649
3.2542,118.508
3.2642,124.205
3.2742,132.003
3.2842,
3.2942,
3.3042,
3.3142,
3.3242,
3.3342,
3.3442,
3.3542,
3.3642,
3.3742,
3.3842,
3.3942,
3.4042,
3.4142,
3.4242,
3.4342,
3.4442,
3.4542,
3.4642,
3.4742,
3.4842,
3.4942,
3.5042,
3.5142,
3.5242,
3.5342,
3.5442,
3.5542,
3.5642,
3.5742,
3.5842,
3.5942,
3.6042,
3.6142,
3.6242,
3.6342,
3.6442,
3.6542,
3.6642,
3.6742,
3.6842,
3.6942,
3.7042,
3.7142,
3.7242,
3.7342,
3.7442,
3.7542,
3.7642,
3.7742,
3.7842,
3.7942,
3.8042,
3.8142,
3.8242,
3.8342,
3.8442,
3.8542,
3.8642,
3.8742,
3.8842,
3.8942,
3.9042,
3.9142,
3.9242,
3.9342,
3.9442,
3.9542,
3.9642,
3.9742,
3.9842,
3.9942,
4.0042,
4.0142,
4.0242,
4.0342,
4.0442,
4.0542,
4.0642,
4.0742,
4.0842,
4.0942,
4.1042,
4.1142,
4.1242,
4.1342,
4.1442,
4.1542,
4.1642,
4.1742,
4.1842,
4.1942,
4.2042,
4.2142,
4.2242,
4.2342,
4.2442,
4.2542,
4.2642,
4.2742,
4.2842,
4.2942,
4.3042,
4.3142,
4.3242,
4.3342,
4.3442,
4.3542,
4.3642,
4.3742,
4.3842,
4.3942,
4.4042,
4.4142,
4.4242,
4.4342,
4.4442,
4.4542,
4.4642,
4.4742,
4.4842,
4.4942,
4.5042,
4.5142,
4.5242,
4.5342,
4.5442,
4.5542,
4.5642,
4.5742,
4.5842,
4.5942,
4.6042,
4.6142,
4.6242,
4.6342,
4.6442,
4.6542,
4.6642,
4.6742,
4.6842,
